phase,phase_emoji,peak_datetime
New Moon,ðŸŒ‘,1889-07-28T00:00:00
New Moon,ðŸŒ‘,1979-05-26T00:00:00
New Moon,ðŸŒ‘,2088-03-23T00:01:00
New Moon,ðŸŒ‘,1900-12-22T00:01:00
New Moon,ðŸŒ‘,1825-05-18T00:02:00
New Moon,ðŸŒ‘,1914-02-25T00:02:00
New Moon,ðŸŒ‘,1888-11-04T00:02:00
New Moon,ðŸŒ‘,1982-10-17T00:04:00
New Moon,ðŸŒ‘,1941-11-19T00:04:00
New Moon,ðŸŒ‘,2094-06-13T00:04:00
New Moon,ðŸŒ‘,1796-04-08T00:05:00
New Moon,ðŸŒ‘,1938-11-22T00:05:00
New Moon,ðŸŒ‘,1840-05-02T00:06:00
New Moon,ðŸŒ‘,1853-08-05T00:06:00
New Moon,ðŸŒ‘,1704-03-06T00:06:00
New Moon,ðŸŒ‘,1870-01-02T00:06:00
New Moon,ðŸŒ‘,1828-10-09T00:06:00
New Moon,ðŸŒ‘,1874-12-09T00:06:00
New Moon,ðŸŒ‘,2015-10-13T00:06:00
New Moon,ðŸŒ‘,1715-08-29T00:06:00
New Moon,ðŸŒ‘,2059-03-14T00:06:00
New Moon,ðŸŒ‘,1922-11-19T00:06:00
New Moon,ðŸŒ‘,2017-01-28T00:07:00
New Moon,ðŸŒ‘,1973-03-05T00:07:00
New Moon,ðŸŒ‘,1805-12-21T00:07:00
New Moon,ðŸŒ‘,1756-01-02T00:07:00
New Moon,ðŸŒ‘,2083-09-12T00:08:00
New Moon,ðŸŒ‘,1820-11-06T00:08:00
New Moon,ðŸŒ‘,1754-07-20T00:10:00
New Moon,ðŸŒ‘,1812-12-04T00:10:00
New Moon,ðŸŒ‘,1898-09-16T00:10:00
New Moon,ðŸŒ‘,1962-02-05T00:10:00
New Moon,ðŸŒ‘,1726-07-29T00:10:00
New Moon,ðŸŒ‘,2016-10-01T00:11:00
New Moon,ðŸŒ‘,2049-03-04T00:11:00
New Moon,ðŸŒ‘,1799-05-05T00:11:00
New Moon,ðŸŒ‘,2049-05-02T00:11:00
New Moon,ðŸŒ‘,1909-01-22T00:12:00
New Moon,ðŸŒ‘,1788-05-06T00:12:00
New Moon,ðŸŒ‘,1786-03-30T00:13:00
New Moon,ðŸŒ‘,1864-05-06T00:14:00
New Moon,ðŸŒ‘,1726-03-04T00:14:00
New Moon,ðŸŒ‘,2067-11-07T00:14:00
New Moon,ðŸŒ‘,1781-03-25T00:14:00
New Moon,ðŸŒ‘,2036-11-18T00:14:00
New Moon,ðŸŒ‘,1718-04-01T00:15:00
New Moon,ðŸŒ‘,1772-09-27T00:15:00
New Moon,ðŸŒ‘,1775-01-02T00:15:00
New Moon,ðŸŒ‘,2055-06-25T00:16:00
New Moon,ðŸŒ‘,1751-11-18T00:16:00
New Moon,ðŸŒ‘,1994-04-11T00:17:00
New Moon,ðŸŒ‘,1811-04-23T00:17:00
New Moon,ðŸŒ‘,1860-01-23T00:17:00
New Moon,ðŸŒ‘,1844-03-19T00:17:00
New Moon,ðŸŒ‘,1835-10-22T00:18:00
New Moon,ðŸŒ‘,2098-09-25T00:18:00
New Moon,ðŸŒ‘,1721-12-19T00:18:00
New Moon,ðŸŒ‘,2066-12-17T00:18:00
New Moon,ðŸŒ‘,1759-04-27T00:19:00
New Moon,ðŸŒ‘,1758-11-01T00:19:00
New Moon,ðŸŒ‘,1735-04-23T00:19:00
New Moon,ðŸŒ‘,1774-04-11T00:19:00
New Moon,ðŸŒ‘,1777-04-08T00:19:00
New Moon,ðŸŒ‘,2072-05-18T00:19:00
New Moon,ðŸŒ‘,1768-04-17T00:20:00
New Moon,ðŸŒ‘,1830-07-20T00:20:00
New Moon,ðŸŒ‘,1898-11-14T00:20:00
New Moon,ðŸŒ‘,1758-04-08T00:20:00
New Moon,ðŸŒ‘,1934-09-09T00:20:00
New Moon,ðŸŒ‘,1965-04-02T00:20:00
New Moon,ðŸŒ‘,1795-01-21T00:21:00
New Moon,ðŸŒ‘,1739-07-06T00:21:00
New Moon,ðŸŒ‘,2013-12-03T00:22:00
New Moon,ðŸŒ‘,1913-03-08T00:22:00
New Moon,ðŸŒ‘,1716-07-19T00:23:00
New Moon,ðŸŒ‘,2091-08-15T00:23:00
New Moon,ðŸŒ‘,1777-07-05T00:24:00
New Moon,ðŸŒ‘,1838-12-17T00:24:00
New Moon,ðŸŒ‘,2038-06-03T00:24:00
New Moon,ðŸŒ‘,1864-07-04T00:24:00
New Moon,ðŸŒ‘,1740-09-21T00:24:00
New Moon,ðŸŒ‘,1784-08-16T00:24:00
New Moon,ðŸŒ‘,1705-03-25T00:25:00
New Moon,ðŸŒ‘,1703-02-16T00:25:00
New Moon,ðŸŒ‘,1844-06-16T00:26:00
New Moon,ðŸŒ‘,1737-08-26T00:26:00
New Moon,ðŸŒ‘,1725-07-10T00:26:00
New Moon,ðŸŒ‘,2040-08-08T00:26:00
New Moon,ðŸŒ‘,1807-10-31T00:27:00
New Moon,ðŸŒ‘,2013-05-10T00:28:00
New Moon,ðŸŒ‘,1745-07-29T00:28:00
New Moon,ðŸŒ‘,1750-05-06T00:28:00
New Moon,ðŸŒ‘,1929-01-11T00:28:00
New Moon,ðŸŒ‘,1847-08-11T00:29:00
New Moon,ðŸŒ‘,1972-02-15T00:29:00
New Moon,ðŸŒ‘,1718-08-26T00:29:00
New Moon,ðŸŒ‘,1741-09-10T00:29:00
New Moon,ðŸŒ‘,1867-01-06T00:30:00
New Moon,ðŸŒ‘,1733-03-16T00:30:00
New Moon,ðŸŒ‘,2048-02-14T00:31:00
New Moon,ðŸŒ‘,1727-08-17T00:31:00
New Moon,ðŸŒ‘,2006-02-28T00:31:00
New Moon,ðŸŒ‘,1884-10-19T00:31:00
New Moon,ðŸŒ‘,1911-03-01T00:31:00
New Moon,ðŸŒ‘,1800-04-24T00:31:00
New Moon,ðŸŒ‘,1871-01-21T00:32:00
New Moon,ðŸŒ‘,2071-03-02T00:32:00
New Moon,ðŸŒ‘,1794-05-29T00:32:00
New Moon,ðŸŒ‘,1872-04-08T00:32:00
New Moon,ðŸŒ‘,1983-02-13T00:32:00
New Moon,ðŸŒ‘,1945-08-08T00:32:00
New Moon,ðŸŒ‘,1709-09-04T00:33:00
New Moon,ðŸŒ‘,1859-10-26T00:33:00
New Moon,ðŸŒ‘,1736-08-07T00:33:00
New Moon,ðŸŒ‘,2013-10-05T00:34:00
New Moon,ðŸŒ‘,1828-01-17T00:34:00
New Moon,ðŸŒ‘,2058-06-21T00:35:00
New Moon,ðŸŒ‘,2097-09-06T00:35:00
New Moon,ðŸŒ‘,1735-07-20T00:36:00
New Moon,ðŸŒ‘,1821-10-26T00:36:00
New Moon,ðŸŒ‘,1701-07-06T00:36:00
New Moon,ðŸŒ‘,1860-11-13T00:36:00
New Moon,ðŸŒ‘,2096-11-15T00:37:00
New Moon,ðŸŒ‘,1826-02-07T00:37:00
New Moon,ðŸŒ‘,1921-02-08T00:37:00
New Moon,ðŸŒ‘,2078-03-14T00:38:00
New Moon,ðŸŒ‘,1763-10-07T00:38:00
New Moon,ðŸŒ‘,1879-11-14T00:39:00
New Moon,ðŸŒ‘,1953-10-08T00:40:00
New Moon,ðŸŒ‘,2062-08-05T00:40:00
New Moon,ðŸŒ‘,2038-08-01T00:40:00
New Moon,ðŸŒ‘,1750-11-29T00:41:00
New Moon,ðŸŒ‘,2050-03-23T00:41:00
New Moon,ðŸŒ‘,2053-08-14T00:41:00
New Moon,ðŸŒ‘,2077-07-20T00:41:00
New Moon,ðŸŒ‘,1787-04-18T00:42:00
New Moon,ðŸŒ‘,1805-09-23T00:42:00
New Moon,ðŸŒ‘,1707-07-29T00:42:00
New Moon,ðŸŒ‘,1932-11-28T00:43:00
New Moon,ðŸŒ‘,1744-10-06T00:43:00
New Moon,ðŸŒ‘,1776-12-11T00:43:00
New Moon,ðŸŒ‘,1992-12-24T00:43:00
New Moon,ðŸŒ‘,1734-07-01T00:43:00
New Moon,ðŸŒ‘,1934-02-14T00:43:00
New Moon,ðŸŒ‘,1759-10-21T00:44:00
New Moon,ðŸŒ‘,1760-08-11T00:44:00
New Moon,ðŸŒ‘,1742-06-03T00:44:00
New Moon,ðŸŒ‘,1836-09-11T00:44:00
New Moon,ðŸŒ‘,2025-02-28T00:45:00
New Moon,ðŸŒ‘,1923-07-14T00:45:00
New Moon,ðŸŒ‘,1847-01-17T00:45:00
New Moon,ðŸŒ‘,1791-07-31T00:46:00
New Moon,ðŸŒ‘,1990-09-19T00:46:00
New Moon,ðŸŒ‘,1917-05-21T00:46:00
New Moon,ðŸŒ‘,1751-05-25T00:47:00
New Moon,ðŸŒ‘,1899-12-03T00:47:00
New Moon,ðŸŒ‘,1700-09-13T00:47:00
New Moon,ðŸŒ‘,1880-03-11T00:47:00
New Moon,ðŸŒ‘,1876-11-16T00:48:00
New Moon,ðŸŒ‘,1881-01-30T00:48:00
New Moon,ðŸŒ‘,1743-12-16T00:48:00
New Moon,ðŸŒ‘,1890-07-17T00:49:00
New Moon,ðŸŒ‘,1764-02-02T00:49:00
New Moon,ðŸŒ‘,1782-03-14T00:49:00
New Moon,ðŸŒ‘,1782-10-07T00:49:00
New Moon,ðŸŒ‘,2063-03-30T00:50:00
New Moon,ðŸŒ‘,1920-10-12T00:50:00
New Moon,ðŸŒ‘,1995-06-28T00:50:00
New Moon,ðŸŒ‘,1975-12-03T00:50:00
New Moon,ðŸŒ‘,1954-09-27T00:50:00
New Moon,ðŸŒ‘,2066-08-21T00:50:00
New Moon,ðŸŒ‘,1987-02-28T00:51:00
New Moon,ðŸŒ‘,1827-07-24T00:51:00
New Moon,ðŸŒ‘,1757-03-20T00:52:00
New Moon,ðŸŒ‘,2026-12-09T00:52:00
New Moon,ðŸŒ‘,1847-06-13T00:52:00
New Moon,ðŸŒ‘,2021-09-07T00:52:00
New Moon,ðŸŒ‘,2088-12-13T00:53:00
New Moon,ðŸŒ‘,1974-11-14T00:53:00
New Moon,ðŸŒ‘,1760-05-15T00:53:00
New Moon,ðŸŒ‘,2076-12-26T00:54:00
New Moon,ðŸŒ‘,1872-09-03T00:54:00
New Moon,ðŸŒ‘,1733-06-12T00:54:00
New Moon,ðŸŒ‘,1771-06-13T00:54:00
New Moon,ðŸŒ‘,1985-12-12T00:54:00
New Moon,ðŸŒ‘,1950-05-17T00:54:00
New Moon,ðŸŒ‘,1731-12-29T00:54:00
New Moon,ðŸŒ‘,1852-02-20T00:54:00
New Moon,ðŸŒ‘,1741-05-15T00:54:00
New Moon,ðŸŒ‘,2095-11-27T00:55:00
New Moon,ðŸŒ‘,1783-10-26T00:55:00
New Moon,ðŸŒ‘,1986-02-09T00:55:00
New Moon,ðŸŒ‘,2060-08-26T00:56:00
New Moon,ðŸŒ‘,1729-09-23T00:56:00
New Moon,ðŸŒ‘,1778-04-27T00:56:00
New Moon,ðŸŒ‘,1805-01-01T00:57:00
New Moon,ðŸŒ‘,2071-07-27T00:57:00
New Moon,ðŸŒ‘,1724-03-25T00:57:00
New Moon,ðŸŒ‘,1819-05-24T00:58:00
New Moon,ðŸŒ‘,1891-10-03T00:58:00
New Moon,ðŸŒ‘,1769-05-06T00:59:00
New Moon,ðŸŒ‘,1808-06-24T00:59:00
New Moon,ðŸŒ‘,1798-01-17T01:00:00
New Moon,ðŸŒ‘,1931-04-18T01:00:00
New Moon,ðŸŒ‘,1935-08-29T01:00:00
New Moon,ðŸŒ‘,2080-04-20T01:00:00
New Moon,ðŸŒ‘,1951-11-29T01:00:00
New Moon,ðŸŒ‘,1814-11-12T01:00:00
New Moon,ðŸŒ‘,1718-05-30T01:01:00
New Moon,ðŸŒ‘,1978-08-04T01:01:00
New Moon,ðŸŒ‘,1779-05-16T01:02:00
New Moon,ðŸŒ‘,2038-12-26T01:02:00
New Moon,ðŸŒ‘,2041-07-28T01:02:00
New Moon,ðŸŒ‘,1744-07-10T01:02:00
New Moon,ðŸŒ‘,2099-07-18T01:02:00
New Moon,ðŸŒ‘,1802-06-30T01:02:00
New Moon,ðŸŒ‘,1734-04-04T01:03:00
New Moon,ðŸŒ‘,2081-01-10T01:03:00
New Moon,ðŸŒ‘,1743-06-22T01:04:00
New Moon,ðŸŒ‘,2010-05-14T01:04:00
New Moon,ðŸŒ‘,1712-04-06T01:04:00
New Moon,ðŸŒ‘,1797-10-20T01:04:00
New Moon,ðŸŒ‘,1940-06-06T01:05:00
New Moon,ðŸŒ‘,1736-01-13T01:05:00
New Moon,ðŸŒ‘,1766-10-04T01:05:00
New Moon,ðŸŒ‘,1859-02-03T01:05:00
New Moon,ðŸŒ‘,1790-02-14T01:06:00
New Moon,ðŸŒ‘,2044-08-23T01:06:00
New Moon,ðŸŒ‘,1826-10-31T01:06:00
New Moon,ðŸŒ‘,1955-01-24T01:07:00
New Moon,ðŸŒ‘,2095-05-04T01:07:00
New Moon,ðŸŒ‘,1728-09-04T01:07:00
New Moon,ðŸŒ‘,1845-06-05T01:08:00
New Moon,ðŸŒ‘,2085-09-19T01:08:00
New Moon,ðŸŒ‘,1766-01-11T01:10:00
New Moon,ðŸŒ‘,1953-02-14T01:10:00
New Moon,ðŸŒ‘,2061-07-17T01:10:00
New Moon,ðŸŒ‘,1813-08-26T01:10:00
New Moon,ðŸŒ‘,1754-10-16T01:10:00
New Moon,ðŸŒ‘,1818-03-07T01:10:00
New Moon,ðŸŒ‘,1807-12-29T01:11:00
New Moon,ðŸŒ‘,1895-04-25T01:11:00
New Moon,ðŸŒ‘,1719-03-21T01:13:00
New Moon,ðŸŒ‘,1749-04-17T01:13:00
New Moon,ðŸŒ‘,1910-02-10T01:13:00
New Moon,ðŸŒ‘,2069-03-23T01:13:00
New Moon,ðŸŒ‘,1715-04-04T01:14:00
New Moon,ðŸŒ‘,1737-04-30T01:15:00
New Moon,ðŸŒ‘,2070-07-08T01:15:00
New Moon,ðŸŒ‘,1997-03-09T01:15:00
New Moon,ðŸŒ‘,1851-03-03T01:15:00
New Moon,ðŸŒ‘,2078-01-14T01:15:00
New Moon,ðŸŒ‘,2089-10-04T01:16:00
New Moon,ðŸŒ‘,2034-11-11T01:16:00
New Moon,ðŸŒ‘,1892-09-21T01:16:00
New Moon,ðŸŒ‘,2021-07-10T01:17:00
New Moon,ðŸŒ‘,2063-08-24T01:18:00
New Moon,ðŸŒ‘,1724-06-21T01:18:00
New Moon,ðŸŒ‘,2086-09-08T01:18:00
New Moon,ðŸŒ‘,1964-12-04T01:18:00
New Moon,ðŸŒ‘,2054-09-02T01:18:00
New Moon,ðŸŒ‘,1822-10-15T01:19:00
New Moon,ðŸŒ‘,2082-08-24T01:19:00
New Moon,ðŸŒ‘,1809-01-16T01:19:00
New Moon,ðŸŒ‘,1762-06-22T01:19:00
New Moon,ðŸŒ‘,2090-07-27T01:20:00
New Moon,ðŸŒ‘,1743-09-18T01:20:00
New Moon,ðŸŒ‘,1928-09-14T01:20:00
New Moon,ðŸŒ‘,1753-07-01T01:20:00
New Moon,ðŸŒ‘,2072-08-14T01:21:00
New Moon,ðŸŒ‘,1972-11-06T01:21:00
New Moon,ðŸŒ‘,1733-01-16T01:21:00
New Moon,ðŸŒ‘,1870-11-23T01:21:00
New Moon,ðŸŒ‘,2001-03-25T01:21:00
New Moon,ðŸŒ‘,1932-04-06T01:21:00
New Moon,ðŸŒ‘,1900-01-31T01:22:00
New Moon,ðŸŒ‘,2057-12-26T01:22:00
New Moon,ðŸŒ‘,2080-07-17T01:22:00
New Moon,ðŸŒ‘,1933-06-23T01:22:00
New Moon,ðŸŒ‘,1819-01-26T01:23:00
New Moon,ðŸŒ‘,1888-05-11T01:23:00
New Moon,ðŸŒ‘,2026-03-19T01:23:00
New Moon,ðŸŒ‘,2004-08-16T01:24:00
New Moon,ðŸŒ‘,1930-12-20T01:24:00
New Moon,ðŸŒ‘,2015-07-16T01:24:00
New Moon,ðŸŒ‘,1752-06-12T01:24:00
New Moon,ðŸŒ‘,1763-05-13T01:25:00
New Moon,ðŸŒ‘,2005-11-02T01:25:00
New Moon,ðŸŒ‘,1782-06-11T01:25:00
New Moon,ðŸŒ‘,1712-12-28T01:25:00
New Moon,ðŸŒ‘,2081-08-05T01:25:00
New Moon,ðŸŒ‘,1903-03-29T01:26:00
New Moon,ðŸŒ‘,1721-10-21T01:26:00
New Moon,ðŸŒ‘,1883-08-03T01:26:00
New Moon,ðŸŒ‘,1785-01-11T01:26:00
New Moon,ðŸŒ‘,1706-04-13T01:27:00
New Moon,ðŸŒ‘,2045-09-11T01:27:00
New Moon,ðŸŒ‘,1906-08-20T01:27:00
New Moon,ðŸŒ‘,1900-06-27T01:27:00
New Moon,ðŸŒ‘,1704-09-29T01:27:00
New Moon,ðŸŒ‘,1893-01-18T01:28:00
New Moon,ðŸŒ‘,1738-04-19T01:28:00
New Moon,ðŸŒ‘,1789-02-25T01:28:00
New Moon,ðŸŒ‘,1770-05-25T01:28:00
New Moon,ðŸŒ‘,2019-01-06T01:28:00
New Moon,ðŸŒ‘,2041-04-01T01:29:00
New Moon,ðŸŒ‘,1728-02-10T01:29:00
New Moon,ðŸŒ‘,2074-09-21T01:29:00
New Moon,ðŸŒ‘,2004-12-12T01:29:00
New Moon,ðŸŒ‘,1765-07-18T01:30:00
New Moon,ðŸŒ‘,1722-08-12T01:30:00
New Moon,ðŸŒ‘,2041-10-25T01:30:00
New Moon,ðŸŒ‘,2090-12-21T01:30:00
New Moon,ðŸŒ‘,2016-01-10T01:30:00
New Moon,ðŸŒ‘,1849-02-23T01:30:00
New Moon,ðŸŒ‘,1923-12-08T01:30:00
New Moon,ðŸŒ‘,2052-07-26T01:31:00
New Moon,ðŸŒ‘,2057-04-04T01:31:00
New Moon,ðŸŒ‘,2079-04-02T01:31:00
New Moon,ðŸŒ‘,1873-08-23T01:31:00
New Moon,ðŸŒ‘,2079-06-29T01:32:00
New Moon,ðŸŒ‘,2032-06-08T01:32:00
New Moon,ðŸŒ‘,1761-06-03T01:33:00
New Moon,ðŸŒ‘,1719-09-14T01:33:00
New Moon,ðŸŒ‘,1868-12-14T01:33:00
New Moon,ðŸŒ‘,2099-10-14T01:33:00
New Moon,ðŸŒ‘,1987-04-28T01:34:00
New Moon,ðŸŒ‘,1828-07-12T01:35:00
New Moon,ðŸŒ‘,2009-02-25T01:35:00
New Moon,ðŸŒ‘,1836-11-09T01:35:00
New Moon,ðŸŒ‘,1951-05-06T01:36:00
New Moon,ðŸŒ‘,1996-06-16T01:36:00
New Moon,ðŸŒ‘,2014-12-22T01:36:00
New Moon,ðŸŒ‘,1798-11-08T01:36:00
New Moon,ðŸŒ‘,1760-10-09T01:36:00
New Moon,ðŸŒ‘,1810-08-30T01:36:00
New Moon,ðŸŒ‘,2096-05-22T01:36:00
New Moon,ðŸŒ‘,1702-01-28T01:37:00
New Moon,ðŸŒ‘,1785-08-05T01:38:00
New Moon,ðŸŒ‘,2060-04-01T01:38:00
New Moon,ðŸŒ‘,1924-02-05T01:38:00
New Moon,ðŸŒ‘,2092-01-09T01:38:00
New Moon,ðŸŒ‘,2039-05-23T01:38:00
New Moon,ðŸŒ‘,2087-06-01T01:39:00
New Moon,ðŸŒ‘,1757-05-18T01:39:00
New Moon,ðŸŒ‘,1745-12-23T01:39:00
New Moon,ðŸŒ‘,2033-11-22T01:39:00
New Moon,ðŸŒ‘,2046-07-04T01:39:00
New Moon,ðŸŒ‘,2094-04-15T01:39:00
New Moon,ðŸŒ‘,2084-07-03T01:39:00
New Moon,ðŸŒ‘,1976-07-27T01:39:00
New Moon,ðŸŒ‘,1810-04-04T01:40:00
New Moon,ðŸŒ‘,1802-05-02T01:40:00
New Moon,ðŸŒ‘,1742-12-27T01:40:00
New Moon,ðŸŒ‘,2023-09-15T01:40:00
New Moon,ðŸŒ‘,1979-07-24T01:41:00
New Moon,ðŸŒ‘,1913-11-28T01:41:00
New Moon,ðŸŒ‘,2073-02-07T01:41:00
New Moon,ðŸŒ‘,1785-06-07T01:41:00
New Moon,ðŸŒ‘,1746-06-19T01:41:00
New Moon,ðŸŒ‘,2086-05-13T01:42:00
New Moon,ðŸŒ‘,1889-11-23T01:43:00
New Moon,ðŸŒ‘,2087-12-25T01:43:00
New Moon,ðŸŒ‘,2047-01-26T01:43:00
New Moon,ðŸŒ‘,2066-10-19T01:43:00
New Moon,ðŸŒ‘,1848-02-05T01:43:00
New Moon,ðŸŒ‘,2025-12-20T01:43:00
New Moon,ðŸŒ‘,1714-12-07T01:43:00
New Moon,ðŸŒ‘,1732-05-24T01:44:00
New Moon,ðŸŒ‘,1747-01-11T01:44:00
New Moon,ðŸŒ‘,2064-03-18T01:45:00
New Moon,ðŸŒ‘,1831-01-14T01:46:00
New Moon,ðŸŒ‘,2040-03-13T01:46:00
New Moon,ðŸŒ‘,1971-11-18T01:46:00
New Moon,ðŸŒ‘,1727-02-21T01:46:00
New Moon,ðŸŒ‘,2063-05-28T01:47:00
New Moon,ðŸŒ‘,1773-10-16T01:47:00
New Moon,ðŸŒ‘,1752-11-06T01:47:00
New Moon,ðŸŒ‘,1976-05-29T01:47:00
New Moon,ðŸŒ‘,1833-04-20T01:47:00
New Moon,ðŸŒ‘,1869-04-12T01:48:00
New Moon,ðŸŒ‘,1878-06-01T01:48:00
New Moon,ðŸŒ‘,2059-12-05T01:49:00
New Moon,ðŸŒ‘,1726-05-02T01:49:00
New Moon,ðŸŒ‘,2089-07-08T01:49:00
New Moon,ðŸŒ‘,1939-03-21T01:49:00
New Moon,ðŸŒ‘,1710-09-23T01:49:00
New Moon,ðŸŒ‘,1797-01-28T01:50:00
New Moon,ðŸŒ‘,2078-06-10T01:50:00
New Moon,ðŸŒ‘,1837-11-28T01:51:00
New Moon,ðŸŒ‘,2036-09-20T01:51:00
New Moon,ðŸŒ‘,1768-07-14T01:51:00
New Moon,ðŸŒ‘,1872-02-09T01:52:00
New Moon,ðŸŒ‘,1993-06-20T01:52:00
New Moon,ðŸŒ‘,1838-01-26T01:52:00
New Moon,ðŸŒ‘,1817-11-09T01:52:00
New Moon,ðŸŒ‘,1745-10-25T01:53:00
New Moon,ðŸŒ‘,1720-03-09T01:53:00
New Moon,ðŸŒ‘,1709-06-08T01:53:00
New Moon,ðŸŒ‘,2073-09-02T01:53:00
